"governorate_name_en","governorate_name_ar","delegation_name_en","delegation_name_ar","imada_name_en","imada_name_ar","imada_uid","bomb_strikes","total_bomb_tons","tons_he","tons_frag","tons_ic","first_raid","last_raid"
"Beja","<U+0628><U+0627><U+062C><U+0629>","Beja","<U+0628><U+0627><U+062C><U+0629>","Ezzouar<U+00E2>a","<U+0627><U+0644><U+0632><U+0648><U+0627><U+0631><U+0639>",2154618,84,932,715,185,0,"1942-12-17","1943-05-10"
"Gabes","<U+0642><U+0627><U+0628><U+0633>","Gabes","<U+0642><U+0627><U+0628><U+0633>","Teboulbou","<U+202B><U+0637><U+0628><U+0644><U+0628><U+0648><U+202C>",51531696,82,669.45,399.45,270,0,"1942-11-30","1943-04-08"
"Sousse","<U+0633><U+0648><U+0633><U+0629>","Sousse","<U+0633><U+0648><U+0633><U+0629>","Sahloul","<U+0633><U+0647><U+0644><U+0648><U+0644>",31539999,98,616.25,510.75,0,0,"1942-12-13","1943-03-07"
"Sfax","<U+0635><U+0641><U+0627><U+0642><U+0633>","Sfax 1","<U+0635><U+0641><U+0627><U+0642><U+0633> 1","Bou Derbala","<U+0628><U+0648><U+062F><U+0631><U+0628><U+0627><U+0644><U+0629>",34591290,90,584,560,24,0,"1942-12-14","1943-04-08"
"Sousse","<U+0633><U+0648><U+0633><U+0629>","Sousse","<U+0633><U+0648><U+0633><U+0629>","Enfidha","<U+0627><U+0644><U+0646><U+0641><U+064A><U+0636><U+0629>",3160993,64,362.5,268.5,94,0,"1943-03-12","1943-05-12"
"Beja","<U+0628><U+0627><U+062C><U+0629>","Beja","<U+0628><U+0627><U+062C><U+0629>","Guerich El Ouedi","<U+0642><U+0631><U+064A><U+0634> <U+0627><U+0644><U+0648><U+0627><U+062F><U+064A>",2159676,87,354,267,87,0,"1943-04-16","1943-06-30"
"Zaghouan","<U+0632><U+063A><U+0648><U+0627><U+0646>","Zaghouan","<U+0632><U+063A><U+0648><U+0627><U+0646>","Oued Ezzit","<U+0648><U+0627><U+062F> <U+0627><U+0644><U+0632><U+064A><U+062A>",1651435,47,323.92,313.92,10,0,"1943-04-03","1943-05-11"
"Nabeul","<U+0646><U+0627><U+0628><U+0644>","Nabeul 2","<U+0646><U+0627><U+0628><U+0644> 2","Soliman Sud","<U+0633><U+0644><U+064A><U+0645><U+0627><U+0646> <U+0627><U+0644><U+062C><U+0646><U+0648><U+0628><U+064A><U+0629>",1561392,18,310,286,24,0,"1943-04-23","1943-05-09"
"Sfax","<U+0635><U+0641><U+0627><U+0642><U+0633>","Sfax 1","<U+0635><U+0641><U+0627><U+0642><U+0633> 1","Telil El Ajla","<U+062A><U+0644><U+064A><U+0644> <U+0627><U+0644><U+0639><U+062C><U+0644><U+0629>",34611308,66,308,102,206,0,"1943-03-30","1943-04-07"
"Kebeli","<U+0642><U+0628><U+0644><U+064A>","Kebeli","<U+0642><U+0628><U+0644><U+064A>","Sa<U+00EF>dane","<U+202B><U+0633><U+0639><U+064A><U+062F><U+0627><U+0646><U+202C>",63522042,23,293.05,194.65,98,0.4,"1943-03-20","1943-03-26"
"Bizerte","<U+0628><U+0646><U+0632><U+0631><U+062A>","Bizerte","<U+0628><U+0646><U+0632><U+0631><U+062A>","Ouled Ghanem","<U+0627><U+0648><U+0644><U+0627><U+062F> <U+063A><U+0627><U+0646><U+0645>",1755510,45,289,247,42,0,"1942-12-16","1943-04-26"
"Gabes","<U+0642><U+0627><U+0628><U+0633>","Gabes","<U+0642><U+0627><U+0628><U+0633>","Ezzarat","<U+0627><U+0644><U+0632><U+0627><U+0631><U+0627><U+062A>",51601748,49,286.5,286.5,0,0,"1943-03-14","1943-03-24"
"Zaghouan","<U+0632><U+063A><U+0648><U+0627><U+0646>","Zaghouan","<U+0632><U+063A><U+0648><U+0627><U+0646>","Oued El Khadhra","<U+0648><U+0627><U+062F><U+064A> <U+0627><U+0644><U+062E><U+0636><U+0631><U+0627><U+0621>",1654463,79,262,172,90,0,"1943-04-23","1943-04-27"
"Gabes","<U+0642><U+0627><U+0628><U+0633>","Gabes","<U+0642><U+0627><U+0628><U+0633>","Ayoun Ez-Zerkine","<U+0639><U+064A><U+0648><U+0646> <U+0627><U+0644><U+0632><U+0631><U+0643><U+064A><U+0646>",51601746,31,255.64,255.64,0,0,"1943-02-15","1943-03-26"
"Mannouba","<U+0645><U+0646><U+0648><U+0628><U+0629>","Mannouba","<U+0645><U+0646><U+0648><U+0628><U+0629>","El Moussadine","<U+0627><U+0644><U+0645><U+0633><U+0627><U+0639><U+062F><U+064A><U+0646>",1455310,32,218,188,30,0,"1943-05-06","1943-05-06"
"Bizerte","<U+0628><U+0646><U+0632><U+0631><U+062A>","Bizerte","<U+0628><U+0646><U+0632><U+0631><U+062A>","A<U+00EF>n Mariam","<U+0639><U+064A><U+0646> <U+0645><U+0631><U+064A><U+0645>",1751482,29,205,178.5,9,0,"1942-12-04","1943-05-07"
"Beja","<U+0628><U+0627><U+062C><U+0629>","Beja","<U+0628><U+0627><U+062C><U+0629>","Khacheb","<U+062E><U+0634><U+0627><U+0628>",2158662,55,187,96,91,0,"1943-04-15","1943-04-27"
"Gabes","<U+0642><U+0627><U+0628><U+0633>","Gabes","<U+0642><U+0627><U+0628><U+0633>","El Metouia Nord","<U+0627><U+0644><U+0645><U+0637><U+0648><U+064A><U+0629><U+0627><U+0644><U+0634><U+0645><U+0627><U+0644><U+064A><U+0629>",51551707,9,176.88,176.88,0,0,"1942-12-30","1943-04-07"
"Kairouan","<U+0627><U+0644><U+0642><U+064A><U+0631><U+0648><U+0627><U+0646>","Kairouan","<U+0627><U+0644><U+0642><U+064A><U+0631><U+0648><U+0627><U+0646>","Merguellil","<U+0645><U+0631><U+0642> <U+0627><U+0644><U+0644><U+064A><U+0644>",41521367,59,171,169,2,0,"1942-11-28","1943-02-15"
"Nabeul","<U+0646><U+0627><U+0628><U+0644>","Nabeul 2","<U+0646><U+0627><U+0628><U+0644> 2","Menzel Bou Zelfa Sud","<U+0645><U+0646><U+0632><U+0644> <U+0628><U+0648><U+0632><U+0644><U+0641><U+0629> <U+0627><U+0644><U+062C><U+0646><U+0648><U+0628><U+064A><U+0629>",1562396,31,166,64,102,0,"1943-05-08","1943-05-09"
"Sfax","<U+0635><U+0641><U+0627><U+0642><U+0633>","Sfax 2","<U+0635><U+0641><U+0627><U+0642><U+0633> 2","El Hajeb","<U+0627><U+0644><U+062D><U+0627><U+062C><U+0628>",34561268,11,164.72,146.72,0,0,"1942-12-15","1943-04-02"
"Medenine","<U+0645><U+062F><U+0646><U+064A><U+0646>","Medenine","<U+0645><U+062F><U+0646><U+064A><U+0646>","Oum Ettameur Est","<U+0623><U+0645> <U+0627><U+0644><U+062A><U+0645><U+0631> <U+0627><U+0644><U+0634><U+0631><U+0642><U+064A><U+0629>",52511763,22,164,138,26,0,"1943-01-19","1943-01-24"
"Mannouba","<U+0645><U+0646><U+0648><U+0628><U+0629>","Mannouba","<U+0645><U+0646><U+0648><U+0628><U+0629>","Borj El Amri","<U+0628><U+0631><U+062C> <U+0627><U+0644><U+0639><U+0627><U+0645><U+0631><U+064A>",1455307,17,153.3,120.3,33,0,"1943-04-28","1943-05-06"
"Bizerte","<U+0628><U+0646><U+0632><U+0631><U+062A>","Bizerte","<U+0628><U+0646><U+0632><U+0631><U+062A>","El Mabtouh","<U+0627><U+0644><U+0645><U+0628><U+0637><U+0648><U+062D>",1760553,40,148,76,72,0,"1943-04-20","1943-05-03"
"Sfax","<U+0635><U+0641><U+0627><U+0642><U+0633>","Sfax 1","<U+0635><U+0641><U+0627><U+0642><U+0633> 1","Sidi Hassen Belhaj","<U+0633><U+064A><U+062F><U+064A> <U+062D><U+0633><U+0646> <U+0628><U+0627><U+0644><U+062D><U+0627><U+062C>",34601293,14,142,134,8,0,"1942-12-12","1943-03-01"
"Ben Arous","<U+0628><U+0646> <U+0639><U+0631><U+0648><U+0633>","Ben Arous","<U+0628><U+0646> <U+0639><U+0631><U+0648><U+0633>","Sidi Frej","<U+0633><U+064A><U+062F><U+064A> <U+0641><U+0631><U+062C>",1360260,16,141.1,129.1,12,0,"1943-04-11","1943-04-16"
"Mannouba","<U+0645><U+0646><U+0648><U+0628><U+0629>","Mannouba","<U+0645><U+0646><U+0648><U+0628><U+0629>","Borj Ettoumi","<U+0628><U+0631><U+062C> <U+0627><U+0644><U+062A><U+0648><U+0645><U+064A>",1458325,46,135,113,22,0,"1943-02-27","1943-05-05"
"Ariana","<U+0623><U+0631><U+064A><U+0627><U+0646><U+0629>","Ariana","<U+0623><U+0631><U+064A><U+0627><U+0646><U+0629>","El Medina El Fadhila","<U+0627><U+0644><U+0645><U+062F><U+064A><U+0646><U+0629> <U+0627><U+0644><U+0641><U+0627><U+0636><U+0644><U+0629>",1253177,17,134,80,54,0,"1942-12-02","1943-02-24"
"Zaghouan","<U+0632><U+063A><U+0648><U+0627><U+0646>","Zaghouan","<U+0632><U+063A><U+0648><U+0627><U+0646>","El Jouf Est","<U+0627><U+0644><U+062C><U+0648><U+0641> <U+0627><U+0644><U+0634><U+0631><U+0642><U+064A><U+0629>",1652436,14,126,126,0,0,"1943-05-04","1943-05-04"
"Gafsa","<U+0642><U+0641><U+0635><U+0629>","Gafsa","<U+0642><U+0641><U+0635><U+0629>","El Ksar","<U+0627><U+0644><U+0642><U+0635><U+0631>",61531927,23,125,66,59,0,"1943-02-16","1943-03-30"
"Kasserine","<U+0627><U+0644><U+0642><U+0635><U+0631><U+064A><U+0646>","Kasserine","<U+0627><U+0644><U+0642><U+0635><U+0631><U+064A><U+0646>","El Khadhra","<U+0627><U+0644><U+062E><U+0636><U+0631><U+0627><U+0621>",42511470,35,125,59,66,0,"1943-02-22","1943-02-23"
"Gabes","<U+0642><U+0627><U+0628><U+0633>","Gabes","<U+0642><U+0627><U+0628><U+0633>","Secteur Est (1)","(1) <U+0627><U+0644><U+0645><U+0646><U+0637><U+0642><U+0629> <U+0627><U+0644><U+0634><U+0631><U+0642><U+064A><U+0629>",51571723,29,119.5,119.5,0,0,"1943-03-25","1943-03-26"
"Gabes","<U+0642><U+0627><U+0628><U+0633>","Gabes","<U+0642><U+0627><U+0628><U+0633>","Arram","<U+0639><U+0631><U+0627><U+0645>",51601750,10,107.39,107.39,0,0,"1943-02-23","1943-02-28"
"Nabeul","<U+0646><U+0627><U+0628><U+0644>","Nabeul 2","<U+0646><U+0627><U+0628><U+0644> 2","Soliman","<U+0633><U+0644><U+064A><U+0645><U+0627><U+0646>",1561391,3,106.22,106.22,0,0,"1943-04-23","1943-04-26"
"Gafsa","<U+0642><U+0641><U+0635><U+0629>","Gafsa","<U+0642><U+0641><U+0635><U+0629>","El Ortos","<U+0627><U+0644><U+0623><U+0631><U+0637><U+0633>",61591972,31,105,42,63,0,"1942-12-31","1943-03-24"
"Zaghouan","<U+0632><U+063A><U+0648><U+0627><U+0646>","Zaghouan","<U+0632><U+063A><U+0648><U+0627><U+0646>","El Fahs","<U+0627><U+0644><U+0641><U+062D><U+0635>",1654457,7,98,98,0,0,"1942-12-29","1943-04-23"
"Nabeul","<U+0646><U+0627><U+0628><U+0644>","Nabeul 1","<U+0646><U+0627><U+0628><U+0644> 1","Kelibia Ouest","<U+0642><U+0644><U+064A><U+0628><U+064A><U+0629> <U+0627><U+0644><U+063A><U+0631><U+0628><U+064A><U+0629>",1557370,16,94,58,36,0,"1943-05-07","1943-05-10"
"Bizerte","<U+0628><U+0646><U+0632><U+0631><U+062A>","Bizerte","<U+0628><U+0646><U+0632><U+0631><U+062A>","Arab Majour","<U+0639><U+0631><U+0628> <U+0645><U+0627><U+062C><U+0648><U+0631>",1756526,8,89.8,50.8,39,0,"1942-12-18","1943-04-23"
"Mahdia","<U+0627><U+0644><U+0645><U+0647><U+062F><U+064A><U+0629>","Mahdia","<U+0627><U+0644><U+0645><U+0647><U+062F><U+064A><U+0629>","El A<U+00EF>tha","<U+0627><U+0644><U+0639><U+064A><U+062B><U+0629>",33571186,16,84,50,34,0,"1942-12-29","1943-04-05"
"Gafsa","<U+0642><U+0641><U+0635><U+0629>","Gafsa","<U+0642><U+0641><U+0635><U+0629>","Jbilet Ouest","<U+062C><U+0628><U+064A><U+0644><U+0629> <U+0627><U+0644><U+0648><U+0633><U+0637>",61601981,16,82,32,50,0,"1943-02-03","1943-03-31"
"Sidi Bouzid","<U+0633><U+064A><U+062F><U+064A> <U+0628><U+0648><U+0632><U+064A><U+062F>","Sidi Bouzid","<U+0633><U+064A><U+062F><U+064A> <U+0628><U+0648><U+0632><U+064A><U+062F>","Mezzouna","<U+0627><U+0644><U+0645><U+0632><U+0648><U+0646><U+0629>",43601649,16,81,31,50,0,"1943-01-27","1943-03-22"
"Sidi Bouzid","<U+0633><U+064A><U+062F><U+064A> <U+0628><U+0648><U+0632><U+064A><U+062F>","Sidi Bouzid","<U+0633><U+064A><U+062F><U+064A> <U+0628><U+0648><U+0632><U+064A><U+062F>","Meknassy Ouest","<U+0627><U+0644><U+0645><U+0643><U+0646><U+0627><U+0633><U+064A> <U+0627><U+0644><U+063A><U+0631><U+0628><U+064A><U+0629>",43581637,18,78,66,12,0,"1943-01-30","1943-02-14"
"Ariana","<U+0623><U+0631><U+064A><U+0627><U+0646><U+0629>","Ariana","<U+0623><U+0631><U+064A><U+0627><U+0646><U+0629>","Pont de Bizerte","<U+0642><U+0646><U+0637><U+0631><U+0629> <U+0628><U+0646><U+0632><U+0631><U+062A>",1254184,13,72,45,27,0,"1943-04-20","1943-05-08"
"Sfax","<U+0635><U+0641><U+0627><U+0642><U+0633>","Sfax 2","<U+0635><U+0641><U+0627><U+0642><U+0633> 2","Mahres Sud","<U+0627><U+0644><U+0645><U+062D><U+0631><U+0633> <U+0627><U+0644><U+062C><U+0646><U+0648><U+0628><U+064A><U+0629>",34651337,10,64,64,0,0,"1943-01-14","1943-04-08"
"Gabes","<U+0642><U+0627><U+0628><U+0633>","Gabes","<U+0642><U+0627><U+0628><U+0633>","El Alaya","<U+0627><U+0644><U+0639><U+0644><U+0627><U+064A><U+0629>",51601749,3,61.2,61.2,0,0,"1943-03-22","1943-04-06"
"Sousse","<U+0633><U+0648><U+0633><U+0629>","Sousse","<U+0633><U+0648><U+0633><U+0629>","Bouficha","<U+0628><U+0648><U+0641><U+064A><U+0634><U+0629>",31611006,7,60,60,0,0,"1943-04-23","1943-05-12"
"Sidi Bouzid","<U+0633><U+064A><U+062F><U+064A> <U+0628><U+0648><U+0632><U+064A><U+062F>","Sidi Bouzid","<U+0633><U+064A><U+062F><U+064A> <U+0628><U+0648><U+0632><U+064A><U+062F>","Faiedh","<U+0641><U+0627><U+0646><U+0636>",43521584,31,58,46,12,0,"1943-01-30","1943-02-14"
"Beja","<U+0628><U+0627><U+062C><U+0629>","Beja","<U+0628><U+0627><U+062C><U+0629>","El Heri","<U+0627><U+0644><U+0647><U+0631><U+064A>",2159668,15,57,15,42,0,"1943-04-14","1943-04-17"
"Nabeul","<U+0646><U+0627><U+0628><U+0644>","Nabeul 2","<U+0646><U+0627><U+0628><U+0644> 2","Zaouiet Djedidi","<U+0632><U+0627><U+0648><U+064A><U+0629> <U+0627><U+0644><U+062C><U+062F><U+064A><U+062F><U+064A>",1563400,4,51.6,51.6,0,0,"1943-03-25","1943-03-26"
"Gabes","<U+0642><U+0627><U+0628><U+0633>","Gabes","<U+0642><U+0627><U+0628><U+0633>","El Hicha","<U+0627><U+0644><U+0647><U+064A><U+0634><U+0629>",51551712,4,48,48,0,0,"1943-01-20","1943-01-20"
"Mannouba","<U+0645><U+0646><U+0648><U+0628><U+0629>","Mannouba","<U+0645><U+0646><U+0648><U+0628><U+0629>","Chaouat","<U+0634><U+0648><U+0627><U+0637>",1456313,3,46,46,0,0,"1943-04-22","1943-04-29"
"Zaghouan","<U+0632><U+063A><U+0648><U+0627><U+0646>","Zaghouan","<U+0632><U+063A><U+0648><U+0627><U+0646>","Ez-Zriba Hammam Nord","<U+0627><U+0644><U+0632><U+0631><U+064A><U+0628><U+0629> <U+0627><U+0644><U+062D><U+0645><U+0627><U+0645> <U+0627><U+0644><U+0634><U+0645><U+0627><U+0644><U+064A><U+0629>",1652439,2,43.23,43.23,0,0,"1943-04-25","1943-04-25"
"Mannouba","<U+0645><U+0646><U+0648><U+0628><U+0629>","Mannouba","<U+0645><U+0646><U+0648><U+0628><U+0629>","El Mansoura","<U+0627><U+0644><U+0645><U+0646><U+0635><U+0648><U+0631><U+0629>",1456314,9,42,9,33,0,"1943-05-06","1943-05-06"
"Sidi Bouzid","<U+0633><U+064A><U+062F><U+064A> <U+0628><U+0648><U+0632><U+064A><U+062F>","Sidi Bouzid","<U+0633><U+064A><U+062F><U+064A> <U+0628><U+0648><U+0632><U+064A><U+062F>","El Omria","<U+0627><U+0644><U+0639><U+0645><U+0631><U+064A><U+0629>",43571631,24,40,29,11,0,"1943-02-11","1943-02-14"
"Nabeul","<U+0646><U+0627><U+0628><U+0644>","Nabeul 1","<U+0646><U+0627><U+0628><U+0644> 1","Korchine","<U+0642><U+0631><U+0634><U+064A><U+064A><U+0646>",1556365,2,39.95,39.95,0,0,"1943-04-19","1943-04-19"
"Mannouba","<U+0645><U+0646><U+0648><U+0628><U+0629>","Mannouba","<U+0645><U+0646><U+0648><U+0628><U+0629>","Sidi Ali El Hattab","<U+0633><U+064A><U+062F><U+064A> <U+0639><U+0644><U+064A> <U+0627><U+0644><U+062D><U+0637><U+0627><U+0628>",1454304,4,34,22,12,0,"1943-04-30","1943-05-06"
"Nabeul","<U+0646><U+0627><U+0628><U+0644>","Nabeul 2","<U+0646><U+0627><U+0628><U+0644> 2","Beni Khalled Est","<U+0628><U+0646><U+064A> <U+062E><U+0644><U+0627><U+062F> <U+0627><U+0644><U+0634><U+0631><U+0642><U+064A><U+0629>",15639999,2,34,34,0,0,"1943-05-08","1943-05-08"
"Medenine","<U+0645><U+062F><U+0646><U+064A><U+0646>","Medenine","<U+0645><U+062F><U+0646><U+064A><U+0646>","Mednine Est","<U+0645><U+062F><U+0646><U+064A><U+0646> <U+0627><U+0644><U+0634><U+0631><U+0642><U+064A><U+0629>",52521766,4,31.5,31.5,0,0,"1943-01-22","1943-01-24"
"Sfax","<U+0635><U+0641><U+0627><U+0642><U+0633>","Sfax 1","<U+0635><U+0641><U+0627><U+0642><U+0633> 1","En-Nasr","<U+202B><U+0627><U+0644><U+0646><U+0635><U+0631><U+202C>",34601292,2,30.1,27,0,3.1,"1943-04-10","1943-04-12"
"Siliana","<U+0633><U+0644><U+064A><U+0627><U+0646><U+0629>","Siliana","<U+0633><U+0644><U+064A><U+0627><U+0646><U+0629>","Tarf Ech-chena","<U+0637><U+0631><U+0641> <U+0627><U+0644><U+0634><U+0646><U+0627><U+0621>",2453882,6,30,21,9,0,"1943-04-22","1943-04-22"
"Zaghouan","<U+0632><U+063A><U+0648><U+0627><U+0646>","Zaghouan","<U+0632><U+063A><U+0648><U+0627><U+0646>","Zaghouan Ville","<U+0632><U+063A><U+0648><U+0627><U+0646> <U+0627><U+0644><U+0645><U+062F><U+064A><U+0646><U+0629>",1651427,2,28,28,0,0,"1943-05-04","1943-05-04"
"Beja","<U+0628><U+0627><U+062C><U+0629>","Beja","<U+0628><U+0627><U+062C><U+0629>","El Mounchar","<U+0627><U+0644><U+0645><U+0646><U+0634><U+0627><U+0631>",2151585,2,26,26,0,0,"1943-03-21","1943-03-21"
"Siliana","<U+0633><U+0644><U+064A><U+0627><U+0646><U+0629>","Siliana","<U+0633><U+0644><U+064A><U+0627><U+0646><U+0629>","Bou Abdallah","<U+0628><U+0648> <U+0639><U+0628><U+062F> <U+0627><U+0644><U+0644><U+0647>",2459928,7,26,15,11,0,"1943-04-16","1943-05-05"
"Tunis","<U+062A><U+0648><U+0646><U+0633>","Tunis 1","<U+062A><U+0648><U+0646><U+0633> 1","Gh<U+00E9>dir El Golla","<U+063A><U+062F><U+064A><U+0631> <U+0627><U+0644><U+0642><U+0644><U+0629>",1163101,1,24,24,0,0,"1943-04-30","1943-04-30"
"Mannouba","<U+0645><U+0646><U+0648><U+0628><U+0629>","Mannouba","<U+0645><U+0646><U+0648><U+0628><U+0629>","Ez - Zahra","<U+0627><U+0644><U+0632><U+0647><U+0631><U+0629>",1456315,4,22,14,8,0,"1943-03-04","1943-05-06"
"Sfax","<U+0635><U+0641><U+0627><U+0642><U+0633>","Sfax 2","<U+0635><U+0641><U+0627><U+0642><U+0633> 2","Hchichina Nord","<U+0627><U+0644><U+062D><U+0634><U+064A><U+0634><U+0646><U+0629> <U+0627><U+0644><U+0634><U+0645><U+0627><U+0644><U+064A><U+0629><U+202C>",34621315,2,22,22,0,0,"1943-01-17","1943-01-17"
"Beja","<U+0628><U+0627><U+062C><U+0629>","Beja","<U+0628><U+0627><U+062C><U+0629>","El Mzara","<U+0627><U+0644><U+0645><U+0632><U+0627><U+0631><U+0629>",2151578,1,21.6,21.6,0,0,"1943-03-03","1943-03-03"
"Beja","<U+0628><U+0627><U+062C><U+0629>","Beja","<U+0628><U+0627><U+062C><U+0629>","Dour Esmail","<U+062F><U+0648><U+0631> <U+0625><U+0633><U+0645><U+0627><U+0639><U+064A><U+0644>",2158659,6,21,3,18,0,"1943-04-22","1943-04-22"
"Nabeul","<U+0646><U+0627><U+0628><U+0644>","Nabeul 2","<U+0646><U+0627><U+0628><U+0644> 2","Sidi Djedidi","<U+0633><U+064A><U+062F><U+064A> <U+0627><U+0644><U+062C><U+062F><U+064A><U+062F><U+064A>",1566419,6,21,15,6,0,"1943-05-11","1943-05-11"
"Tataouine","<U+062A><U+0637><U+0627><U+0648><U+064A><U+0646>","Tataouine","<U+062A><U+0637><U+0627><U+0648><U+064A><U+0646>","El Ghariani","<U+0627><U+0644><U+063A><U+0631> <U+064A><U+0627><U+0646><U+064A>",53531882,6,21,6,15,0,"1943-04-16","1943-04-22"
"Beja","<U+0628><U+0627><U+062C><U+0629>","Beja","<U+0628><U+0627><U+062C><U+0629>","Sidi Nasr","<U+0633><U+064A><U+062F><U+064A> <U+0646><U+0635><U+0631>",2159671,1,20.4,20.4,0,0,"1943-03-02","1943-03-02"
"Gabes","<U+0642><U+0627><U+0628><U+0633>","Gabes","<U+0642><U+0627><U+0628><U+0633>","Bou Attouch","<U+0628><U+0648><U+0639><U+0637><U+0648><U+0634>",51571731,6,20,2,18,0,"1943-04-04","1943-04-04"
"Gafsa","<U+0642><U+0641><U+0635><U+0629>","Gafsa","<U+0642><U+0641><U+0635><U+0629>","Bir S<U+00E2>ad","<U+0628><U+0626><U+0631> <U+0633><U+0639><U+062F>",61591976,4,20,8,12,0,"1943-04-07","1943-04-07"
"Sousse","<U+0633><U+0648><U+0633><U+0629>","Sousse","<U+0633><U+0648><U+0633><U+0629>","Taieb Mhiri","<U+0627><U+0644><U+0637><U+064A><U+0628> <U+0627><U+0644><U+0645><U+0647><U+064A><U+0631><U+064A>",3154962,4,18,18,0,0,"1943-01-08","1943-01-15"
"Siliana","<U+0633><U+0644><U+064A><U+0627><U+0646><U+0629>","Siliana","<U+0633><U+0644><U+064A><U+0627><U+0646><U+0629>","Bouarada","<U+0628><U+0648><U+0639><U+0631><U+0627><U+062F><U+0629>",2453878,1,17.88,17.88,0,0,"1943-03-03","1943-03-03"
"Gafsa","<U+0642><U+0641><U+0635><U+0629>","Gafsa","<U+0642><U+0641><U+0635><U+0629>","El Aya<U+00EF>cha","<U+0627><U+0644><U+0639><U+064A><U+0627><U+064A><U+0634><U+0629>",61601977,4,16,4,12,0,"1943-04-07","1943-04-07"
"Mannouba","<U+0645><U+0646><U+0648><U+0628><U+0629>","Mannouba","<U+0645><U+0646><U+0648><U+0628><U+0629>","El Habibia","<U+0627><U+0644><U+062D><U+0628><U+064A><U+0628><U+064A><U+0629>",1456316,4,16,4,12,0,"1943-05-06","1943-05-06"
"Gabes","<U+0642><U+0627><U+0628><U+0633>","Gabes","<U+0642><U+0627><U+0628><U+0633>","El Medou","<U+0627><U+0644><U+0645><U+062F><U+0648>",51531700,6,14,2,12,0,"1943-04-20","1943-04-20"
"Kebeli","<U+0642><U+0628><U+0644><U+064A>","Kebeli","<U+0642><U+0628><U+0644><U+064A>","Douz Est","<U+062F><U+0648><U+0632> <U+0627><U+0644><U+0634><U+0631><U+0642><U+064A><U+0629>",63542051,4,14,4,10,0,"1943-04-07","1943-04-07"
"Kebeli","<U+0642><U+0628><U+0644><U+064A>","Kebeli","<U+0642><U+0628><U+0644><U+064A>","El Menchia","<U+0627><U+0644><U+0645><U+0646><U+0634><U+064A><U+0629>",63532044,4,14,4,10,0,"1943-03-24","1943-03-24"
"Nabeul","<U+0646><U+0627><U+0628><U+0644>","Nabeul 2","<U+0646><U+0627><U+0628><U+0644> 2","Chammes","<U+0634><U+0645><U+0627><U+0633>",1564404,2,14,14,0,0,"1943-04-20","1943-04-20"
"Zaghouan","<U+0632><U+063A><U+0648><U+0627><U+0646>","Zaghouan","<U+0632><U+063A><U+0648><U+0627><U+0646>","Bou Achir","<U+0628><U+0648><U+0639><U+0634><U+064A><U+0631>",1652441,2,14,2,12,0,"1943-05-11","1943-05-11"
"Nabeul","<U+0646><U+0627><U+0628><U+0644>","Nabeul 1","<U+0646><U+0627><U+0628><U+0644> 1","Kelibia Est","<U+0642><U+0644><U+064A><U+0628><U+064A><U+0629> <U+0627><U+0644><U+0634><U+0631><U+0642><U+064A><U+0629>",1557369,1,13.5,13.5,0,0,"1943-05-07","1943-05-07"
"Mannouba","<U+0645><U+0646><U+0648><U+0628><U+0629>","Mannouba","<U+0645><U+0646><U+0648><U+0628><U+0629>","Ech - Chouigui","<U+0627><U+0644><U+0634><U+0648><U+064A><U+0642><U+064A>",1457323,2,12,12,0,0,"1943-04-26","1943-04-26"
"Tataouine","<U+062A><U+0637><U+0627><U+0648><U+064A><U+0646>","Tataouine","<U+062A><U+0637><U+0627><U+0648><U+064A><U+0646>","Ksar Aoun","<U+0642><U+0635><U+0631> <U+0639><U+0648><U+0646>",53531885,12,12,10,2,0,"1943-01-22","1943-01-22"
"Gabes","<U+0642><U+0627><U+0628><U+0633>","Gabes","<U+0642><U+0627><U+0628><U+0633>","El Beha<U+00EF>er","<U+0627><U+0644><U+0628><U+062D><U+0627><U+064A><U+0631>",51571728,1,11.62,11.62,0,0,"1943-05-05","1943-05-05"
"Kairouan","<U+0627><U+0644><U+0642><U+064A><U+0631><U+0648><U+0627><U+0646>","Kairouan","<U+0627><U+0644><U+0642><U+064A><U+0631><U+0648><U+0627><U+0646>","Sisseb","<U+0633><U+064A><U+0633><U+0628>",41541397,1,8.88,8.88,0,0,"1943-04-20","1943-04-20"
"Tunis","<U+062A><U+0648><U+0646><U+0633>","Tunis 1","<U+062A><U+0648><U+0646><U+0633> 1","Mongi Slim","<U+0627><U+0644><U+0645><U+0646><U+062C><U+064A> <U+0633><U+0644><U+064A><U+0645>",115310,1,6,0,0,0,"1943-01-05","1943-01-05"
"Medenine","<U+0645><U+062F><U+0646><U+064A><U+0646>","Medenine","<U+0645><U+062F><U+0646><U+064A><U+0646>","Oued Esseder","<U+0648><U+0627><U+062F><U+064A> <U+0627><U+0644><U+0633><U+062F><U+0631>",52521769,2,2,2,0,0,"1943-04-02","1943-04-02"
"Kairouan","<U+0627><U+0644><U+0642><U+064A><U+0631><U+0648><U+0627><U+0646>","Kairouan","<U+0627><U+0644><U+0642><U+064A><U+0631><U+0648><U+0627><U+0646>","Nasrallah Centre","<U+0646><U+0635><U+0631> <U+0627><U+0644><U+0644><U+0651><U+0647> <U+0627><U+0644><U+0645><U+0631><U+0643><U+0632>",41591440,3,1.96,0,0,1.46,"1941-07-02","1941-07-08"
